[
  { "name": "Afghanistan", "code": "AF", "city": "Kabul" },
  { "name": "Åland Islands", "code": "AX", "city": "Mariehamn" },
  { "name": "Albania", "code": "AL", "city": "Tirana" },
  { "name": "Algeria", "code": "DZ", "city": "Alger" },
  { "name": "American Samoa", "code": "AS", "city": "Fagatogo" },
  { "name": "AndorrA", "code": "AD", "city": "Andorra la Vella" },
  { "name": "Angola", "code": "AO", "city": "Luanda" },
  { "name": "Anguilla", "code": "AI", "city": "The Valley" },
  { "name": "Antarctica", "code": "AQ", "city": "Antarctica" },
  { "name": "Antigua and Barbuda", "code": "AG", "city": "Saint John's" },
  { "name": "Argentina", "code": "AR", "city": "Buenos Aires" },
  { "name": "Armenia", "code": "AM", "city": "Yerevan" },
  { "name": "Aruba", "code": "AW", "city": "Oranjestad" },
  { "name": "Australia", "code": "AU", "city": "Canberra" },
  { "name": "Austria", "code": "AT", "city": "Wien" },
  { "name": "Azerbaijan", "code": "AZ", "city": "Baku" },
  { "name": "Bahamas", "code": "BS", "city": "Nassau" },
  { "name": "Bahrain", "code": "BH", "city": "al-Manama" },
  { "name": "Bangladesh", "code": "BD", "city": "Dhaka" },
  { "name": "Barbados", "code": "BB", "city": "Bridgetown" },
  { "name": "Belarus", "code": "BY", "city": "Minsk" },
  { "name": "Belgium", "code": "BE", "city": "Bruxelles [Brussel]" },
  { "name": "Belize", "code": "BZ", "city": "Belmopan" },
  { "name": "Benin", "code": "BJ", "city": "Porto-Novo" },
  { "name": "Bermuda", "code": "BM", "city": "Hamilton" },
  { "name": "Bhutan", "code": "BT", "city": "Thimphu" },
  { "name": "Bolivia", "code": "BO", "city": "La Paz" },
  { "name": "Bosnia and Herzegovina", "code": "BA", "city": "Sarajevo" },
  { "name": "Botswana", "code": "BW", "city": "Gaborone" },
  { "name": "Bouvet Island", "code": "BV", "city": "Bouvet" },
  { "name": "Brazil", "code": "BR", "city": "Brasília" },
  {
    "name": "British Indian Ocean Territory",
    "code": "IO",
    "city": "Camp Thunder Cove"
  },
  { "name": "Brunei Darussalam", "code": "BN", "city": "Bandar Seri Begawan" },
  { "name": "Bulgaria", "code": "BG", "city": "Sofia" },
  { "name": "Burkina Faso", "code": "BF", "city": "Ouagadougou" },
  { "name": "Burundi", "code": "BI", "city": "Bujumbura" },
  { "name": "Cambodia", "code": "KH", "city": "Phnom Penh" },
  { "name": "Cameroon", "code": "CM", "city": "Yaound" },
  { "name": "Canada", "code": "CA", "city": "Ottawa" },
  { "name": "Cape Verde", "code": "CV", "city": "Praia" },
  { "name": "Cayman Islands", "code": "KY", "city": "George Town" },
  { "name": "Central African Republic", "code": "CF", "city": "Bangui" },
  { "name": "Chad", "code": "TD", "city": "N'Djam" },
  { "name": "Chile", "code": "CL", "city": "Santiago de Chile" },
  { "name": "China", "code": "CN", "city": "Peking" },
  { "name": "Christmas Island", "code": "CX", "city": "Flying Fish Cove" },
  { "name": "Cocos (Keeling) Islands", "code": "CC", "city": "West Island" },
  { "name": "Colombia", "code": "CO", "city": "Santaf" },
  { "name": "Comoros", "code": "KM", "city": "Moroni" },
  { "name": "Congo", "code": "CG", "city": "Brazzaville" },
  {
    "name": "Congo, The Democratic Republic of the",
    "code": "CD",
    "city": "Brazzaville"
  },
  { "name": "Cook Islands", "code": "CK", "city": "Avarua" },
  { "name": "Costa Rica", "code": "CR", "city": "San José" },
  { "name": "Cote D\"Ivoire", "code": "CI", "city": "Cote" },
  { "name": "Croatia", "code": "HR", "city": "Zagreb" },
  { "name": "Cuba", "code": "CU", "city": "La Habana" },
  { "name": "Cyprus", "code": "CY", "city": "Nicosia" },
  { "name": "Czech Republic", "code": "CZ", "city": "Praha" },
  { "name": "Denmark", "code": "DK", "city": "Copenhagen" },
  { "name": "Djibouti", "code": "DJ", "city": "Djibouti" },
  { "name": "Dominica", "code": "DM", "city": "Roseau" },
  {
    "name": "Dominican Republic",
    "code": "DO",
    "city": "Santo Domingo de Guzm"
  },
  { "name": "Ecuador", "code": "EC", "city": "Quito" },
  { "name": "Egypt", "code": "EG", "city": "Cairo" },
  { "name": "El Salvador", "code": "SV", "city": "San Salvador" },
  { "name": "Equatorial Guinea", "code": "GQ", "city": "Malabo" },
  { "name": "Eritrea", "code": "ER", "city": "Asmara" },
  { "name": "Estonia", "code": "EE", "city": "Tallinn" },
  { "name": "Ethiopia", "code": "ET", "city": "Addis Abeba" },
  { "name": "Falkland Islands (Malvinas)", "code": "FK", "city": "Stanley" },
  { "name": "Faroe Islands", "code": "FO", "city": "Tórshavn" },
  { "name": "Fiji", "code": "FJ", "city": "Suva" },
  { "name": "Finland", "code": "FI", "city": "Helsinki [Helsingfors]" },
  { "name": "France", "code": "FR", "city": "Paris" },
  { "name": "French Guiana", "code": "GF", "city": "Cayenne" },
  { "name": "French Polynesia", "code": "PF", "city": "Papeete" },
  {
    "name": "French Southern Territories",
    "code": "TF",
    "city": "Saint Pierre, Réunion"
  },
  { "name": "Gabon", "code": "GA", "city": "Libreville" },
  { "name": "Gambia", "code": "GM", "city": "Banjul" },
  { "name": "Georgia", "code": "GE", "city": "Tbilisi" },
  { "name": "Germany", "code": "DE", "city": "Berlin" },
  { "name": "Ghana", "code": "GH", "city": "Accra" },
  { "name": "Gibraltar", "code": "GI", "city": "Gibraltar" },
  { "name": "Greece", "code": "GR", "city": "Athenai" },
  { "name": "Greenland", "code": "GL", "city": "Nuuk" },
  { "name": "Grenada", "code": "GD", "city": "Saint George's" },
  { "name": "Guadeloupe", "code": "GP", "city": "Basse-Terre" },
  { "name": "Guam", "code": "GU", "city": "Aga" },
  { "name": "Guatemala", "code": "GT", "city": "Ciudad de Guatemala" },
  { "name": "Guernsey", "code": "GG", "city": "Saint Peter Port" },
  { "name": "Guinea", "code": "GN", "city": "Conakry" },
  { "name": "Guinea-Bissau", "code": "GW", "city": "Bissau" },
  { "name": "Guyana", "code": "GY", "city": "Georgetown" },
  { "name": "Haiti", "code": "HT", "city": "Port-au-Prince" },
  {
    "name": "Heard Island and Mcdonald Islands",
    "code": "HM",
    "city": "Heard"
  },
  { "name": "Holy See (Vatican City State)", "code": "VA", "city": "Citt" },
  { "name": "Honduras", "code": "HN", "city": "Tegucigalpa" },
  { "name": "Hong Kong", "code": "HK", "city": "Victoria" },
  { "name": "Hungary", "code": "HU", "city": "Budapest" },
  { "name": "Iceland", "code": "IS", "city": "Reykjavík" },
  { "name": "India", "code": "IN", "city": "New Delhi" },
  { "name": "Indonesia", "code": "ID", "city": "Jakarta" },
  { "name": "Iran, Islamic Republic Of", "code": "IR", "city": "Iran" },
  { "name": "Iraq", "code": "IQ", "city": "Baghdad" },
  { "name": "Ireland", "code": "IE", "city": "Dublin" },
  { "name": "Isle of Man", "code": "IM", "city": "Douglas" },
  { "name": "Israel", "code": "IL", "city": "Jerusalem" },
  { "name": "Italy", "code": "IT", "city": "Roma" },
  { "name": "Jamaica", "code": "JM", "city": "Kingston" },
  { "name": "Japan", "code": "JP", "city": "Tokyo" },
  { "name": "Jersey", "code": "JE", "city": "St Helier" },
  { "name": "Jordan", "code": "JO", "city": "Amman" },
  { "name": "Kazakhstan", "code": "KZ", "city": "Astana" },
  { "name": "Kenya", "code": "KE", "city": "Nairobi" },
  { "name": "Kiribati", "code": "KI", "city": "Bairiki" },
  {
    "name": "Korea, Democratic People\"S Republic of",
    "code": "KP",
    "city": "Pyongyang"
  },
  { "name": "Korea, Republic of", "code": "KR", "city": "Seoul" },
  { "name": "Kuwait", "code": "KW", "city": "Kuwait" },
  { "name": "Kyrgyzstan", "code": "KG", "city": "Bishkek" },
  {
    "name": "Laos",
    "code": "LA",
    "city": "Vientiane"
  },
  { "name": "Latvia", "code": "LV", "city": "Riga" },
  { "name": "Lebanon", "code": "LB", "city": "Beirut" },
  { "name": "Lesotho", "code": "LS", "city": "Maseru" },
  { "name": "Liberia", "code": "LR", "city": "Monrovia" },
  { "name": "Libyan Arab Jamahiriya", "code": "LY", "city": "Tripoli" },
  { "name": "Liechtenstein", "code": "LI", "city": "Vaduz" },
  { "name": "Lithuania", "code": "LT", "city": "Vilnius" },
  { "name": "Luxembourg", "code": "LU", "city": "Luxembourg [Luxemburg/L" },
  { "name": "Macao", "code": "MO", "city": "Macao" },
  {
    "name": "Macedonia, The Former Yugoslav Republic of",
    "code": "MK",
    "city": "Skopje"
  },
  { "name": "Madagascar", "code": "MG", "city": "Antananarivo" },
  { "name": "Malawi", "code": "MW", "city": "Lilongwe" },
  { "name": "Malaysia", "code": "MY", "city": "Kuala Lumpur" },
  { "name": "Maldives", "code": "MV", "city": "Male" },
  { "name": "Mali", "code": "ML", "city": "Bamako" },
  { "name": "Malta", "code": "MT", "city": "Valletta" },
  { "name": "Marshall Islands", "code": "MH", "city": "Dalap-Uliga-Darrit" },
  { "name": "Martinique", "code": "MQ", "city": "Fort-de-France" },
  { "name": "Mauritania", "code": "MR", "city": "Nouakchott" },
  { "name": "Mauritius", "code": "MU", "city": "Port-Louis" },
  { "name": "Mayotte", "code": "YT", "city": "Mamoutzou" },
  { "name": "Mexico", "code": "MX", "city": "Ciudad de M" },
  {
    "name": "Micronesia, Federated States of",
    "code": "FM",
    "city": "Palikir"
  },
  { "name": "Moldova, Republic of", "code": "MD", "city": "Chisinau" },
  { "name": "Monaco", "code": "MC", "city": "Monaco-Ville" },
  { "name": "Mongolia", "code": "MN", "city": "Ulan Bator" },
  { "name": "Montserrat", "code": "MS", "city": "Plymouth" },
  { "name": "Morocco", "code": "MA", "city": "Rabat" },
  { "name": "Mozambique", "code": "MZ", "city": "Maputo" },
  { "name": "Myanmar", "code": "MM", "city": "Rangoon (Yangon)" },
  { "name": "Namibia", "code": "NA", "city": "Windhoek" },
  { "name": "Nauru", "code": "NR", "city": "Yaren" },
  { "name": "Nepal", "code": "NP", "city": "Kathmandu" },
  { "name": "Netherlands", "code": "NL", "city": "Amsterdam" },
  { "name": "Netherlands Antilles", "code": "AN", "city": "Willemstad" },
  { "name": "New Caledonia", "code": "NC", "city": "Noum" },
  { "name": "New Zealand", "code": "NZ", "city": "Wellington" },
  { "name": "Nicaragua", "code": "NI", "city": "Managua" },
  { "name": "Niger", "code": "NE", "city": "Niamey" },
  { "name": "Nigeria", "code": "NG", "city": "Abuja" },
  { "name": "Niue", "code": "NU", "city": "Alofi" },
  { "name": "Norfolk Island", "code": "NF", "city": "Kingston" },
  { "name": "Northern Mariana Islands", "code": "MP", "city": "Garapan" },
  { "name": "Norway", "code": "NO", "city": "Oslo" },
  { "name": "Oman", "code": "OM", "city": "Masqat" },
  { "name": "Pakistan", "code": "PK", "city": "Islamabad" },
  { "name": "Palau", "code": "PW", "city": "Koror" },
  { "name": "Palestinian Territory, Occupied", "code": "PS" },
  { "name": "Panama", "code": "PA", "city": "Ciudad de Panamá" },
  { "name": "Papua New Guinea", "code": "PG", "city": "Port Moresby" },
  { "name": "Paraguay", "code": "PY", "city": "Asunción" },
  { "name": "Peru", "code": "PE", "city": "Lima" },
  { "name": "Philippines", "code": "PH", "city": "Manila" },
  { "name": "Pitcairn", "code": "PN", "city": "Adamstown" },
  { "name": "Poland", "code": "PL", "city": "Warszawa" },
  { "name": "Portugal", "code": "PT", "city": "Lisboa" },
  { "name": "Puerto Rico", "code": "PR", "city": "San Juan" },
  { "name": "Qatar", "code": "QA", "city": "Doha" },
  { "name": "Reunion", "code": "RE", "city": "Saint-Denis" },
  { "name": "Romania", "code": "RO", "city": "Bucuresti" },
  { "name": "Russian Federation", "code": "RU", "city": "Moscow" },
  { "name": "RWANDA", "code": "RW", "city": "Kigali " },
  { "name": "Saint Helena", "code": "SH", "city": "Jamestown" },
  { "name": "Saint Kitts and Nevis", "code": "KN", "city": "Basseterre" },
  { "name": "Saint Lucia", "code": "LC", "city": "Castries" },
  { "name": "Saint Pierre and Miquelon", "code": "PM", "city": "Saint-Pierre" },
  {
    "name": "Saint Vincent and the Grenadines",
    "code": "VC",
    "city": "Kingstown"
  },
  { "name": "Samoa", "code": "WS", "city": "Apia" },
  { "name": "San Marino", "code": "SM", "city": "San Marino" },
  { "name": "Sao Tome and Principe", "code": "ST", "city": "São Tomé" },
  { "name": "Saudi Arabia", "code": "SA", "city": "Riyadh" },
  { "name": "Senegal", "code": "SN", "city": "Dakar" },
  { "name": "Serbia and Montenegro", "code": "CS", "city": "Belgrade" },
  { "name": "Seychelles", "code": "SC", "city": "Victoria" },
  { "name": "Sierra Leone", "code": "SL", "city": "Freetown" },
  { "name": "Singapore", "code": "SG", "city": "Singapore" },
  { "name": "Slovakia", "code": "SK", "city": "Bratislava" },
  { "name": "Slovenia", "code": "SI", "city": "Ljubljana" },
  { "name": "Solomon Islands", "code": "SB", "city": "Honiara" },
  { "name": "Somalia", "code": "SO", "city": "Mogadishu" },
  { "name": "South Africa", "code": "ZA", "city": "Pretoria" },
  {
    "name": "South Georgia and the South Sandwich Islands",
    "code": "GS",
    "city": "King Edward Point"
  },
  { "name": "Spain", "code": "ES", "city": "Madrid" },
  {
    "name": "Sri Lanka",
    "code": "LK",
    "city": "Colombo, Sri Jayawardenepura Kotte"
  },
  { "name": "Sudan", "code": "SD", "city": "Khartum" },
  { "name": "Suriname", "code": "SR", "city": "Paramaribo" },
  { "name": "Svalbard and Jan Mayen", "code": "SJ", "city": "Longyearbyen" },
  { "name": "Swaziland", "code": "SZ", "city": "Mbabane" },
  { "name": "Sweden", "code": "SE", "city": "Stockholm" },
  { "name": "Switzerland", "code": "CH", "city": "Bern" },
  { "name": "Syrian Arab Republic", "code": "SY", "city": "Damascus" },
  { "name": "Taiwan, Province of China", "code": "TW", "city": "Taipei" },
  { "name": "Tajikistan", "code": "TJ", "city": "Dushanbe" },
  { "name": "Tanzania, United Republic of", "code": "TZ", "city": "Dodoma" },
  { "name": "Thailand", "code": "TH", "city": "Bangkok" },
  { "name": "Timor-Leste", "code": "TL", "city": "Dili" },
  { "name": "Togo", "code": "TG", "city": "Lomé" },
  { "name": "Tokelau", "code": "TK", "city": "Fakaofo" },
  { "name": "Tonga", "code": "TO", "city": "Nuku'alofa" },
  { "name": "Trinidad and Tobago", "code": "TT", "city": "Port-of-Spain" },
  { "name": "Tunisia", "code": "TN", "city": "Tunis" },
  { "name": "Turkey", "code": "TR", "city": "Ankara" },
  { "name": "Turkmenistan", "code": "TM", "city": "Ashgabat" },
  { "name": "Turks and Caicos Islands", "code": "TC", "city": "Cockburn Town" },
  { "name": "Tuvalu", "code": "TV", "city": "Funafuti" },
  { "name": "Uganda", "code": "UG", "city": "Kampala" },
  { "name": "Ukraine", "code": "UA", "city": "Kyiv" },
  { "name": "United Arab Emirates", "code": "AE", "city": "Abu Dhabi" },
  { "name": "United Kingdom", "code": "GB", "city": "London" },
  { "name": "United States", "code": "US", "city": "Newyork" },
  {
    "name": "United States Minor Outlying Islands",
    "code": "UM",
    "city": null
  },
  { "name": "Uruguay", "code": "UY", "city": "Montevideo" },
  { "name": "Uzbekistan", "code": "UZ", "city": "Toskent" },
  { "name": "Vanuatu", "code": "VU", "city": "Port-Vila" },
  { "name": "Venezuela", "code": "VE", "city": "Caracas" },
  { "name": "Viet Nam", "code": "VN", "city": "Hanoi" },
  { "name": "Virgin Islands, British", "code": "VG", "city": "Road Town" },
  { "name": "Virgin Islands, U.S.", "code": "VI", "city": "Charlotte Amalie" },
  { "name": "Wallis and Futuna", "code": "WF", "city": "Mata-Utu" },
  { "name": "Western Sahara", "code": "EH", "city": "El-Aai" },
  { "name": "Yemen", "code": "YE", "city": "Sanaa" },
  { "name": "Zambia", "code": "ZM", "city": "Lusaka" },
  { "name": "Zimbabwe", "code": "ZW", "city": "Harare" }
]
